All,બધા
None,"કંઈ નહીં"
"Allowed Scopes","મંજૂર સ્કોપો"
"You need more permissions to delete this item(s): %1.","આ આઇટમ(મો) ને કાઢી નાખવા માટે તમને વધુ પરવાનગીઓની જરૂર છે.: %1."
"You need more permissions to apply some of the rule updates.","તમને કેટલાક નિયમ અપડેટ્સ લાગુ કરવા માટે વધુ પરવાનગીઓની જરૂર છે."
"Please assign this entity to a store view.","કૃપા કરીને આ એન્ટિટીને સંગ્રહ મા સમાવિષ્ટ કરો."
"You can create orders only in an active store.","તમે ફક્ત સક્રિય સ્ટોરમાં ઑર્ડર બનાવી શકો છો."
"Please assign this item to a store view.","કૃપા કરીને આ વસ્તુને સંગ્રહ મા સમાવિષ્ટ કરો."
"You need more permissions to save this item.","આ વસ્તુ ને સેવ કરવા માટે તમને વધુ પરવાનગીઓની જરૂર છે."
"You need more permissions to delete this item.","આ વસ્તુ ને કાઢી નાખવા માટે તમને વધુ પરવાનગીઓની જરૂર છે."
"You need more permissions to view this item.","તમારે આ આઇટમ જોવા માટે વધુ પરવાનગીઓની જરૂર છે."
"Please specify at least one website or one store group.","કૃપા કરીને ઓછામાં ઓછી એક વેબસાઇટ અથવા એક સ્ટોર જૂથનો ઉલ્લેખ કરો."
"You need more permissions to set All Scopes to a Role.","તમારે બધા સ્કોપ્સને રોલમાં સેટ કરવા માટે વધુ પરવાનગીઓની જરૂર છે."
"Incorrect website ID: %1","ખોટી વેબસાઇટ આઈડી: %1"
"You need more permissions to access website ""%1"".","તમને વેબસાઇટ ""%1"" ઍક્સેસ કરવા માટે વધુ પરવાનગીઓની જરૂર છે."
"Incorrect store ID: %1","ખોટો સંગ્રહ આઇડી: %1"
"You need more permissions to save this setting.","તમારે આ સેટિંગને સાચવવા માટે વધુ પરવાનગીઓની જરૂર છે."
"Role Scopes","ભૂમિકા સ્કોપ્સ"
Custom,શિરસ્તો
"You don't have permissions to save this item in scope of current store view. Please, switch to allowed store view","તમારી પાસે આ સ્ટોરને વર્તમાન સંગ્રહ દૃશ્યની અવકાશમાં સાચવવાની પરવાનગી નથી. મહેરબાની કરીને, સંગ્રહ દૃશ્યને સ્વીચ કરો"
"More permissions are needed to delete the ""%1"" item.","""%1"" વસ્તુ કાઢી નાખવા માટે વધુ પરવાનગીઓની આવશ્યકતા છે."
"This entity needs to be assigned to a store view. Verify the entity assignment and try again.","આ અસ્તિત્વ સંગ્રહ દૃશ્ય પર અસાઇન કરવાની જરૂર છે. અસ્તિત્વ સોંપણી ચકાસો અને ફરી પ્રયાસ કરો."
"Orders can only be completed in an active store. Verify the store and try again.","ઓર્ડર ફક્ત એક સક્રિય સ્ટોરમાં જ પૂર્ણ કરી શકાય છે. સ્ટોર ચકાસો અને ફરી પ્રયાસ કરો."
"This item needs to be assigned to a store view. Assign item and try again.","આ વસ્તુ સ્ટોર દૃશ્ય પર અસાઇન કરવાની જરૂર છે. વસ્તુ સોંપી અને ફરી પ્રયાસ કરો."
"More permissions are needed to save this item.","આ આઇટમને સાચવવા માટે વધુ પરવાનગીઓની જરૂર છે."
"More permissions are needed to delete this item.","આ વસ્તુને કાઢી નાખવા માટે વધુ પરવાનગીઓની જરૂર છે."
"More permissions are needed to view this item.","આ આઇટમ જોવા માટે વધુ પરવાનગીઓની જરૂર છે."
"At least one website or store group needs to be selected. Select and try again.","ઓછામાં ઓછી એક વેબસાઇટ અથવા સ્ટોર જૂથ પસંદ કરવાની જરૂર છે. પસંદ કરો અને ફરી પ્રયાસ કરો."
"More permissions are needed to set All Scopes to a Role.","બધા સ્કોપ્સને રોલમાં સેટ કરવા માટે વધુ પરવાનગીઓની જરૂર છે."
"The ""%1"" website ID is incorrect. Verify the website ID and try again.","""%1"" વેબસાઇટ આઇડી ખોટી છે. વેબસાઇટ આઇડી ચકાસો અને ફરી પ્રયાસ કરો."
"The ""%1"" store ID is incorrect. Verify the store ID and try again.","""%1"" વેબસાઇટ આઇડી ખોટી છે. વેબસાઇટ આઇડી ચકાસો અને ફરી પ્રયાસ કરો."
"More permissions are needed to save this setting.","આ સેટિંગને સાચવવા માટે વધુ પરવાનગીઓની જરૂર છે."
"Read Details","વિગતો વાંચો"
"Mark as Read","વાંચો તરીકે ચિહ્નિત કરો"
"Are you sure?","શું તમે ખાતરી કરો છો?"
Remove,"દૂર કરો"
"Messages Inbox","સંદેશાઓ ઇનબોક્સ"
"You have %1 new system messages","તમારી પાસે %1 નવો સિસ્ટમ સંદેશાઓ છે"
"You have %1 new system message","તમારી પાસે %1 નવો સિસ્ટમ સંદેશ છે"
"Incoming Message","આવનારી સંદેશ"
close,બંધ
Notifications,સૂચનાઓ
"The message has been marked as Read.","સંદેશ વાંચવા તરીકે ચિહ્નિત કરવામાં આવ્યો છે."
"We couldn't mark the notification as Read because of an error.","ભૂલને લીધે અમે સૂચનાને વાંચી તરીકે ચિહ્નિત કરી શક્યાં નથી."
"Please select messages.","સંદેશાઓ પસંદ કરો."
"A total of %1 record(s) have been marked as Read.","કુલ %1 રેકોર્ડ (ઓ) વાંચવા તરીકે ચિહ્નિત કરવામાં આવ્યા છે."
"Total of %1 record(s) have been removed.","કુલ %1 રેકોર્ડ્સ દૂર કરવામાં આવ્યાં છે."
"We couldn't remove the messages because of an error.","ભૂલને કારણે અમે સંદેશાઓને દૂર કરી શક્યા નથી."
"The message has been removed.","સંદેશ દૂર કરવામાં આવ્યો છે."
"1 Hour","1 કલાક"
"2 Hours","2 કલાક"
"6 Hours","6 કલાક"
"12 Hours","12 કલાક"
"24 Hours","24 કલાક"
critical,નિર્ણાયક
major,મુખ્ય
minor,નાનો
notice,સૂચના
"Wrong message type","ખોટો સંદેશો પ્રકાર"
"Wrong notification ID specified.","ખોટી સૂચના આઇડી ઉલ્લેખિત."
"{{base_url}} is not recommended to use in a production environment to declare the Base Unsecure URL / Base Secure URL. We highly recommend changing this value in your Magento <a href=""%1"">configuration</a>.","{{base_url}} ને બેઝ અસુરક્ષિત URL / બેઝ સુરક્ષિત URL જાહેર કરવા માટે ઉત્પાદન વાતાવરણમાં ઉપયોગ કરવાની ભલામણ કરવામાં આવી નથી. અમે તમારા Magento <a href=""%1""> ગોઠવણી </a> માં આ મૂલ્યને બદલવાની ભલામણ કરીએ છીએ."
"One or more of the Cache Types are invalidated: %1. ","કેશ પ્રકારોમાંથી એક અથવા વધુ અમાન્ય છે: % 1. "
"Please go to <a href=""%1"">Cache Management</a> and refresh cache types.","કૃપા કરીને <a href=""%1""> કેશ મેનેજમેન્ટ </a> પર જાઓ અને કેશ પ્રકારો તાજું કરો."
"We were unable to synchronize one or more media files. Please refer to the log file for details.","અમે એક અથવા વધુ મીડિયા ફાઇલોને સમન્વયિત કરવામાં અસમર્થ હતાં. વિગતો માટે મહેરબાની કરીને લોગ ફાઈલનો સંદર્ભ લો."
"Synchronization of media storages has been completed.","મીડિયા સ્ટોરેજનું સમન્વયન પૂર્ણ થઈ ગયું છે."
"Your web server is set up incorrectly and allows unauthorized access to sensitive files. Please contact your hosting provider.","તમારું વેબ સર્વર ખોટી રીતે સેટ થયું છે અને સંવેદનશીલ ફાઇલોની અનધિકૃત પ્રવેશને મંજૂરી આપે છે."
"System Messages:","સિસ્ટમ સંદેશાઓ:"
"Critical System Messages","જટિલ સિસ્ટમ સંદેશાઓ"
"Major System Messages","મુખ્ય સિસ્ટમ સંદેશાઓ"
"System messages","સિસ્ટમ સંદેશાઓ"
Close,બંધ
"See All (","બધા જુઓ ("
" unread)"," ન વાંચેલું)"
"Show Toolbar","ટૂલબાર બતાવો"
"Show List","સૂચિ બતાવો"
"Use HTTPS to Get Feed","ફીડ મેળવવા માટે HTTPS નો ઉપયોગ કરો"
"Update Frequency","આવર્તન અદ્યતન બનાવવું"
"Last Update","છેલ્લો સુધારો"
Severity,તીવ્રતા
"Date Added","તારીખ ઉમેરી"
Message,સંદેશ
Actions,ક્રિયાઓ
"Manage Shopping Cart","શોપિંગ કાર્ટ મેનેજ કરો"
"Create Order","ઓર્ડર બનાવો"
Back,પાછું
"Add Products","ઉત્પાદનો ઉમેરો"
"Update Items and Quantities","વસ્તુઓ અને જથ્થો સુધારો કરો"
"Are you sure you want to clear your cart?","શું તમે ખરેખર તમારા કાર્ટને સાફ કરવા માંગો છો?"
"Clear my shopping cart","મારી શોપિંગ કાર્ટ સાફ કરો"
"Add selections to my cart","મારા કાર્ટ પસંદગીઓ ઉમેરો"
Cancel,"રદ કરો"
"Shopping Cart for %1 in %2","%2 માં %1 માટે શોપિંગ કાર્ટ"
"Select products you want to buy","તમે ખરીદવા માંગતા હો તે ઉત્પાદનો પસંદ કરો"
Product,ઉત્પાદન
Price,કિંમત
Quantity,જથ્થો
"Products in the Comparison List (%1)","તુલના સૂચિમાં ઉત્પાદનો (%1)"
"Last ordered items (%1)","છેલ્લી આદેશિત વસ્તુઓ (%1)"
Products,ઉત્પાદનો
ID,આઇડી
SKU,એસકેયુ
"Recently Compared Products (%1)","તાજેતરમાં સરખાવેલ ઉત્પાદનો (%1)"
"Recently Viewed Products (%1)","તાજેતરમાં જોવાયેલી ઉત્પાદનો (%1)"
"Add to Shopping Cart by SKU","એસકેયુ દ્વારા શોપિંગ કાર્ટમાં ઉમેરો"
"Add to Shopping Cart","શોપિંગ કાર્ટ ઉમેરો"
"Wish List (%1)","ઇચ્છા સૂચિ (%1)"
Apply,"અરજી કરો"
Configure,"રૂપરેખાંકિત કરો"
"Add to Order by SKU","એસકેયુ દ્વારા ઓર્ડર ઉમેરો"
"Add to Order","ક્રમમાં ઉમેરો"
"Add Products to Order","ઑર્ડર કરવા માટે ઉત્પાદનો ઉમેરો"
"<span><span id=""sku-attention-num"">%1</span> product(s) require attention.</span>","<span> <span id = ""sku-attention-num"">%1 </ span> ઉત્પાદન (્સ) ને ધ્યાન આપવાની જરૂર છે. </ span>"
"Remove All","બધા દૂર કરો"
"Only %1%2%3 left in stock","જથ્થોમાં ફક્ત %1 %2 %3 બાકી"
"You can buy up to %1 of these per purchase.","તમે આ ખરીદીમાંથી %1 સુધી ખરીદી શકો છો."
"You must buy at least %1 of these per purchase.","તમારે આ ખરીદીમાંથી ઓછામાં ઓછા %1 ખરીદવું આવશ્યક છે."
"Specify the product's options.","ઉત્પાદનના વિકલ્પો સ્પષ્ટ કરો."
"Alert me when this item is available.","જ્યારે આ આઇટમ ઉપલબ્ધ છે ત્યારે મને ચેતવણી આપો."
"We can't find this customer.","અમે આ ગ્રાહક શોધી શકતા નથી."
"Shopping cart management is disabled for this customer.","શોપિંગ કાર્ટ મેનેજમેન્ટ આ ગ્રાહક માટે અક્ષમ છે."
"We can't find this store.","અમે આ સ્ટોર શોધી શકતા નથી."
Customers,ગ્રાહકો
"Shopping Cart","શોપિંગ કાર્ટ"
"Sorry, something went wrong. You can find out more in the error log.","માફ કરશો, કંઈક ખોટું થયું હતું. તમે ભૂલ લોગમાં વધુ શોધી શકો છો."
"You do not have access to this.","તમારી પાસે આની પ્રવેશ નથી."
"Ordered item id is not received.","આદેશ આપ્યો વસ્તુ આઈડી પ્રાપ્ત થયો નથી."
"Ordered item is not loaded.","આદેશિત વસ્તુ લોડ થઈ નથી."
"Quote item id is not received.","ભાવ આઇટમ વસ્તુ મળ્યો નથી."
"Quote item is not loaded.","ભાવ વસ્તુ લોડ થયેલ નથી."
"The wish list item id is not received.","ઇચ્છા સૂચિ વસ્તુ આઈડી પ્રાપ્ત થઈ નથી."
"The wish list item is not loaded.","ઇચ્છા સૂચિ વસ્તુ લોડ થયેલ નથી."
"An error has occurred. See error log for details.","એક ભૂલ આવી. વિગતો માટે ભૂલ લોગ જુઓ."
"You cannot configure a product.","તમે કોઈ ઉત્પાદનને ગોઠવી શકતા નથી."
"You removed the items.","તમે વસ્તુઓ કાઢી નાખી."
"You removed the item.","તમે વસ્તુ કાઢી નાખી."
"You added %1 to your shopping cart.","તમે તમારી શોપિંગ કાર્ટમાં %1 ઉમેર્યા."
"You cannot add a product.","તમે કોઈ ઉત્પાદન ઉમેરી શકતા નથી."
"Order by SKU","એસકેયુ દ્વારા ઓર્ડર"
"The SKU was not found in the catalog.","સૂચિમાં એસકેયુ મળી નથી."
"Availability: Out of stock.","ઉપલબ્ધતા: સ્ટોકની બહાર."
"We don't have as many of these as you want.","તમને જોઈએ તેટલું આમાં અમારી પાસે નથી."
"You can't add this many to your cart.","તમે આને તમારા કાર્ટમાં ઉમેરી શકતા નથી."
"You need to choose options for your item.","તમારે તમારી વસ્તુ માટે વિકલ્પો પસંદ કરવાની જરૂર છે."
"We can't add the item to your cart.","અમે તમારા કાર્ટમાં વસ્તુ ઉમેરી શકતા નથી."
"Please enter an actual number in the ""Qty"" field.","કૃપા કરીને ""ક્વોલિટી"" ક્ષેત્રમાં વાસ્તવિક સંખ્યા દાખલ કરો."
"This product is assigned to another website.","આ ઉત્પાદન બીજી વેબસાઇટ પર સોંપવામાં આવે છે."
"You can add only enabled products.","તમે ફક્ત સક્ષમ ઉત્પાદનો ઉમેરી શકો છો."
"You cannot upload this file.","તમે આ ફાઇલ અપલોડ કરી શકતા નથી."
"The file is empty.","ફાઇલ ખાલી છે."
"You have not entered a product SKU. Please <a href=""%1"">click here</a> to add product(s) by SKU.","તમે કોઈ ઉત્પાદન SKU દાખલ કર્યો નથી. કૃપા કરીને SKU દ્વારા ઉત્પાદન (્સ) ઉમેરવા માટે <a href=""%1""> અહીં ક્લિક કરો </a>."
"You have not entered a product SKU.","તમે કોઈ ઉત્પાદન SKU દાખલ કર્યો નથી."
"We can't add a product to cart by id ""%1"".","અમે id ""%1"" દ્વારા કાર્ટમાં કોઈ ઉત્પાદન ઉમેરી શકતા નથી."
"Something went wrong while reordering this product.","આ ઉત્પાદનને ફરીથી ગોઠવવામાં કંઈક ખોટું થયું."
"We can't find this wish list.","અમે આ ઇચ્છા સૂચિ શોધી શકતા નથી."
"You added %1 product to your shopping cart.","તમે તમારા શોપિંગ કાર્ટ પર %1 ઉત્પાદન ઉમેર્યું."
"You added %1 products to your shopping cart.","તમે તમારા શોપિંગ કાર્ટમાં %1 ઉત્પાદનો ઉમેર્યા છે."
"%1 product requires your attention.","%1 ઉત્પાદનને તમારું ધ્યાન જરૂરી છે."
"%1 products require your attention.","%1 ઉત્પાદનોને તમારા ધ્યાનની જરૂર છે."
"Yes, for Specified Customer Groups","હા, ઉલ્લેખિત ગ્રાહક જૂથો માટે"
"Yes, for Everyone","હા, દરેક માટે"
No,ના
"The file is corrupt.","ફાઇલ દૂષિત છે."
"Please upload the file in .csv format.","કૃપા કરીને ફાઇલ .csv ફોર્મેટમાં અપલોડ કરો."
"%1 item(s) need your attention.","%1 આઇટમ (ઓ) ને તમારું ધ્યાન આપવાની જરૂર છે."
"Apply Coupon Code","કૂપન કોડ લાગુ કરો"
"Remove Coupon Code","કૂપન કોડ દૂર કરો"
"The coupon code ""%1"" is not valid.","કૂપન કોડ ""%1"" માન્ય નથી."
"Shopping Cart Items","શોપિંગ કાર્ટ વસ્તુઓ"
Subtotal,પેટાસરવાળો
Discount,છૂટ
"Row Subtotal","પંક્તિ પેટાસરવાળો"
Action,ક્રિયા
"No ordered items","કોઈ આદેશ આપ્યો વસ્તુઓ"
"Total %1 product(s)","કુલ %1 ઉત્પાદન (ઓ)"
Subtotal:,પેટાસરવાળો:
"Please select","કૃપા કરી પસંદ કરો"
"Move to Wish List","વિશસૂચિમાં ખસેડો"
"No item specified.","કોઈ આઇટમ ઉલ્લેખિત નથી."
"Are you sure you want to remove this item?","શું તમે ખરેખર આ આઇટમને દૂર કરવા માંગો છો?"
"SKU number","એસકેયુ નંબર"
"Upload File","ફાઈલ અપલોડ કરો"
"Your csv file must include ""sku"" and ""qty"" columns.","તમારી સીએસવી ફાઇલમાં ""sku"" અને ""qty"" કૉલમ્સ શામેલ હોવા આવશ્યક છે."
Reset,"ફરીથી સેટ કરો"
"SKU: ","એસકેયુ: "
"Only <span id=""%1_max_allowed"">%2</span> in stock","સ્ટોકમાં માત્ર <span id = ""%1_max_allowed"">%2 </ span>"
Item,વસ્તુ
"See price before order confirmation.","ઓર્ડર પુષ્ટિ પહેલાં ભાવ જુઓ."
"What's this?","આ શું છે?"
"Edit item parameters","આઇટમ પરિમાણો ફેરફાર કરો"
Edit,"સંપાદિત કરો"
"Remove item","વસ્તુ દૂર કરો"
"Products Requiring Attention","ધ્યાન જરૂરી વસ્તુઓ"
"Sales Rule","વેચાણ નિયમ"
"Index sales rule","અનુક્રમણિકા વેચાણ નિયમ"
"Related Search Terms","સંબંધિત શોધ શરતો"
"Add New Search Term","નવી શોધ શબ્દ ઉમેરો"
button_label,"બટન નામપટ્ટી"
"Missing search engine parameter.","ખૂટતું શોધ એન્જિન પરિમાણ."
"Successful! Test again?","સફળ! ફરીથી પરીક્ષણ?"
"Connection failed! Test again?","જોડાણ નિષ્ફળ! ફરીથી પરીક્ષણ?"
"Enable Search Recommendations","શોધ ભલામણોને સક્ષમ કરો"
"When you enable this option your site may slow down.","જ્યારે તમે આ વિકલ્પને સક્ષમ કરો છો ત્યારે તમારી સાઇટ ધીમું થઈ શકે છે."
"Search Recommendations Count","શોધ ભલામણો ગણક"
"Show Results Count for Each Recommendation","દરેક ભલામણ માટે પરિણામો ગણક બતાવો"
"Enable Search Suggestions","શોધ સૂચનો સક્ષમ કરો"
"Search Suggestions Count","શોધ સૂચનો ગણક"
"Show Results Count for Each Suggestion","દરેક સૂચન માટે પરિણામ ગણક બતાવો"
"Related search terms","સંબંધિત શોધ શબ્દો"
"Did you mean","શું તમારો અર્થ છે"
"Search Query","શોધ પૂછપરછ"
Store,સંગ્રહ
Results,પરિણામો
Uses,"ઉપયોગ કરે છે"
"Redirect URL","પુનઃદિશામાન યુઆરએલ"
"Suggested Term","સૂચવેલ અવધિ"
Yes,હા
Synonym,સમાનાર્થી
"--Please Select--","--કૃપા કરી પસંદ કરો--"
Done,પૂર્ણ
Status,સ્થિતિ
"Please Select","કૃપા કરી પસંદ કરો"
Enabled,સક્ષમ
options,વિકલ્પો
"Select all","બધા પસંદ કરો"
"Deselect all","બધા નાપસંદ કરો"
"%s of %s selected","%s પસંદ કરેલ %s માંથી"
"B2B Features","બી2બી લક્ષણો"
"Invalid Form Key. Please refresh the page.","
                    અમાન્ય ફોર્મ કી. કૃપા કરીને પૃષ્ઠ તાજું કરો.
                "
"You entered an invalid Secret Key. Please refresh the page.","
                    તમે અમાન્ય સિક્રેટ કી દાખલ કર્યો છે. કૃપા કરીને પૃષ્ઠ તાજું કરો.
                "
"Cache Storage Management","
                    કેશ સ્ટોરેજ મેનેજમેન્ટ
                "
"Flush Magento Cache","
                    ફ્લશ Magento કેશ
                "
"The cache storage may contain additional data. Are you sure that you want to flush it?","
                    કેશ સંગ્રહમાં વધારાના ડેટા હોઈ શકે છે. શું તમે ખરેખર તેને ફ્લશ કરવા માંગો છો?
                "
"Flush Cache Storage","
                    ફ્લશ કેશ સ્ટોરેજ
                "
Invalidated,"
                    અમાન્ય
                "
Orders,"
                    ઓર્ડર
                "
Amounts,"
                    રકમ
                "
Bestsellers,"
                    શ્રેષ્ઠ વેચનાર
                "
"Most Viewed Products","
                    સૌથી વધુ જોવાયેલી પ્રોડક્ટ્સ
                "
Customers,"
                    ગ્રાહકો
                "
Customer,"
                    ગ્રાહક
                "
Guest,"
                    મહેમાન
                "
Items,"
                    વસ્તુઓ
                "
Total,"
                    કુલ
                "
"Lifetime Sales","
                    લાઇફટાઇમ સેલ્સ
                "
"Average Order","
                    સરેરાશ ઓર્ડર
                "
Price,"
                    કિંમત
                "
Quantity,"
                    જથ્થો
                "
Views,"
                    દૃશ્યો
                "
Revenue,"
                    મહેસૂલ
                "
Tax,"
                    ટેક્સ
                "
Shipping,"
                    શિપિંગ
                "
"Images (.gif, .jpg, .png)","
                    છબીઓ (.gif, .jpg, .png)
                "
"Media (.avi, .flv, .swf)","
                    Media (.avi, .flv, .swf)
                "
"All Files","
                    બધી ફાઇલ
                "
"Reset to Default","
                    મૂળભૂત ને પુન:સુયોજિત કરો
                "
"All Store Views","
                    બધા સ્ટોર દૃશ્યો
                "
"Save Account","
                    એકાઉન્ટ સેવ કરો
                "
"My Account","
                    મારુ ખાતુ
                "
"First Name","
                    પ્રથમ નામ (તમારું નામ)
                "
"Last Name","
                    અટક
                "
Email,"
                    ઇમેલ
                "
"New Password","
                    નવો પાસવર્ડ
                "
"Password Confirmation","
                    પાસવર્ડ ખાતરી
                "
"Interface Locale","
                    ઈન્ટરફેસ લોકેલ
                "
"Current User Identity Verification","
                    વર્તમાન વપરાશકર્તા ઓળખ ચકાસણી
                "
"Save Cache Settings","
                    કેશ સેટિંગ્સ સાચવો
                "
"Catalog Rewrites","
                    કેટલોગ રીવાઈટ્સ
                "
Refresh,"
                    પુનઃતાજું કરો
                "
"Images Cache","
                    છબીઓ કેશ
                "
Clear,"
                    સાફ
                "
"Search Index","
                    શોધ ઈન્ડેક્સ
                "
Rebuild,"
                    ફરીથી બનાવો
                "
"Inventory Stock Status","
                    ઇન્વેન્ટરી સ્ટોક સ્થિતિ
                "
"Rebuild Flat Catalog Category","
                    ફ્લેટ કેટલોગ કેટેગરી ફરીથી બનાવો
                "
"Rebuild Flat Catalog Product","
                    ફ્લેટ કેટલોગ ઉત્પાદન ફરીથી બનાવો
                "
"Cache Control","
                    કેશ નિયંત્રણ
                "
"All Cache","
                    બધા કેશ
                "
"No change","
                    કોઈ ફેરફાર નહી
                "
Disable,"
                    અક્ષમ કરો
                "
Enable,"
                    સક્ષમ કરો
                "
"Add Design Change","
                    ડિઝાઇન બદલો ઉમેરો
                "
Back,"
                    પાછું
                "
Delete,"
                    કાઢી નાખો
                "
"Are you sure?","
                    તમે ચોક્કસ છો?
                "
Save,"
                    સાચવો
                "
"Edit Design Change","
                    ડિઝાઇન બદલો ફેરફાર કરો
                "
"New Store Design Change","
                    નવી સ્ટોર ડિઝાઇન બદલો
                "
"General Settings","
                    સામાન્ય સુયોજનો
                "
Store,"
                    સ્ટોર
                "
"-- Please Select --","
                    -- મહેરબાની કરી, પસંદ કરો --
                "
"Custom Design","
                    કસ્ટમ ડિઝાઇન
                "
"Date From","
                    તારીખ થી
                "
"Design Change","
                    ડિઝાઇન બદલો
                "
General,"
                    સામાન્ય
                "
Cancel,"
                    રદ કરો
                "
"Delete %1 '%2'","
                    %1 '%2' દૂર કરો
                "
"Delete %1","
                    %1 દૂર કરો
                "
"Block Information","
                    બ્લોક માહિતી
                "
"Backup Options","
                    બૅકઅપ વિકલ્પો
                "
"Create DB Backup","
                    ડીબી બેકઅપ બનાવો
                "
Yes,"
                    હા
                "
No,"
                    ના
                "
"Delete Store","
                    સ્ટોર કાઢી નાખો
                "
"Delete Web Site","
                    વેબ સાઇટ કાઢી નાખો
                "
"Save Web Site","
                    વેબ સાઇટ સાચવો
                "
"Edit Web Site","
                    વેબ સાઇટ સંપાદિત કરો
                "
"New Web Site","
                    નવી વેબ સાઇટ
                "
"Edit Store","
                    સ્ટોર સંપાદિત કરો
                "
"New Store","
                    નવું સ્ટોર
                "
"Edit Store View","
                    સ્ટોર દૃશ્ય સંપાદિત કરો
                "
"New Store View","
                    નવું સ્ટોર દૃશ્ય
                "
"Store Information","
                    સ્ટોર માહિતી
                "
"Web Site","
                    વેબ સાઈટ
                "
Name,"
                    નામ
                "
Code,"
                    કોડ
                "
"Default Store View","
                    ડિફોલ્ટ સ્ટોર દૃશ્ય
                "
"Store View Information","
                    સ્ટોર દૃશ્ય માહિતી
                "
Status,"
                    સ્થિતિ
                "
Disabled,"
                    અક્ષમ
                "
Enabled,"
                    સક્ષમ
                "
"Sort Order","
                    ક્રમબધ ઓર્ડર
                "
"Web Site Information","
                    વેબ સાઇટ માહિતી
                "
"Default Store","
                    ડિફોલ્ટ સ્ટોર
                "
"Create Website","
                    વેબસાઇટ બનાવો
                "
"Create Store","
                    સ્ટોર બનાવો
                "
"Create Store View","
                    સ્ટોર દૃશ્ય બનાવો
                "
Home,"
                    હોમ
                "
Reset,"
                    રીસેટ
                "
"Are you sure you want to do this?","
                    તમે આ કરવા બાબતે સુનિશ્ચિત છો?
                "
"Add New Image","
                    નવી છબી ઉમેરો
                "
Export,"
                    નિકાસ
                "
Submit,"
                    સબમિટ કરો
                "
Delete,"કાઢી નાખો"
Name,નામ
"Save and Continue Edit","સાચવો અને સંપાદિત કરવાનું ચાલુ રાખો"
Save,સાચવો
"* Required Fields","* જરૂરી માહિતી"
Submit,"સબમિટ કરો"
Email,ઇમેઇલ
Import,આયાત
"Change Status","સ્થિતિ બદલો"
Disabled,અક્ષમ
message,સંદેશ
name,નામ
OK,"ઠીક છે"
"Change status","સ્થિતિ બદલો"
Enable,"સક્ષમ કરો"
Disable,"અક્ષમ કરો"
Ok,"ઠીક છે"
none,"કંઈ નહીં"
edit,"સંપાદિત કરો"
save,સાચવો
"Page not found.","પેજ નથી મળ્યું."
"Thanks for contacting us with your comments and questions. We'll respond to you very soon.","તમારી ટિપ્પણીઓ અને પ્રશ્નો સાથે અમારો સંપર્ક કરવા બદલ આભાર. અમે તમને ખૂબ જ ઝડપથી જવાબ આપીશું."
"An error occurred while processing your form. Please try again later.","તમારા ફોર્મની પ્રક્રિયા કરતી વખતે એક ભૂલ આવી. પછીથી ફરી પ્રયત્ન કરો."
"Name is missing","નામ ખૂટે છે"
"Comment is missing","ટિપ્પણી ખૂટે છે"
"Invalid email address","અમાન્ય ઇમેઇલ સરનામું"
"Write Us","અમને લખો"
"Jot us a note and we’ll get back to you as quickly as possible.","અમને એક નોંધ લખો અને અમે શક્ય તેટલી ઝડપથી તમારી પાસે પાછા આવીશું."
"Phone Number","ફોન નંબર"
"What’s on your mind?","તમારા મગજમાં શું છે?"
"Contact Form","સંપર્ક ફોર્મ"
Phone,ફોન
"Contacts Section","સંપર્કો વિભાગ"
Contacts,સંપર્કો
"Contact Us","અમારો સંપર્ક કરો"
"Enable Contact Us","અમારો સંપર્ક સક્ષમ કરો"
"Email Options","ઇમેઇલ વિકલ્પો"
"Send Emails To","ઇમેઇલ મોકલો"
"Email Sender","ઇમેઇલ પ્રેષક"
"Email Template","ઇમેઇલ ઢાંચો"
"Email template chosen based on theme fallback when ""Default"" option is selected.","જ્યારે ""ડિફૉલ્ટ"" વિકલ્પ પસંદ કરવામાં આવે ત્યારે થીમ ફૉલબેક પર આધારિત ઇમેઇલ નમૂનો પસંદ કરે છે."
"We can't process your request right now. Sorry, that's all we know.","અમે હમણાં તમારી વિનંતી પર પ્રક્રિયા કરી શકતા નથી. માફ કરશો, તે બધું આપણે જાણીએ છીએ."
"Name: %name",નામ:%name
"Email: %email",ઇમેઇલ:%email
"Phone Number: %telephone","ફોન નંબર:%telephone"
"Comment: %comment",ટિપ્પણી:%comment
"Enter the Name and try again.","નામ દાખલ કરો અને ફરી પ્રયાસ કરો."
"Enter the comment and try again.","ટિપ્પણી દાખલ કરો અને ફરી પ્રયાસ કરો."
"The email address is invalid. Verify the email address and try again.","ઇમેઇલ સરનામું અમાન્ય છે. ઇમેઇલ સરનામું ચકાસો અને ફરી પ્રયાસ કરો."
Required,ફરજિયાત
None,"એકે નહિ"
status,સ્થિતિ
Export,નિકાસ
quantity,જથ્થો
ALL,બધા
yes,હા
no,ના
Id,આઇડી
Back,પાછા
"Save and Continue","સાચવો અને ચાલુ રાખો"
"Save Configuration","રૂપરેખાંકન સાચવો"
Default,ડિફૉલ્ટ
Themes,થીમ્સ
"Save and Continue Edit","સાચવો અને સંપાદન ચાલુ રાખો"
"Are you sure you want to delete this theme?","શું તમે ખરેખર આ થીમને કાઢી નાખવા માંગો છો?"
"Theme: %1",થીમ:%1
"New Theme","નવી થીમ"
"Theme CSS","થીમ સીએસએસ"
"Theme CSS Assets","થીમ સીએસએસ એસેટ્સ"
"Custom CSS","કસ્ટમ CSS"
"Select CSS File to Upload","અપલોડ કરવા માટે સીએસએસ ફાઇલ પસંદ કરો"
"Upload CSS File","અપલોડ કરો સીએસએસ ફાઇલ"
"Download CSS File","સીએસએસ ફાઇલ ડાઉનલોડ કરો"
Manage,"મેનેજ કરો"
"Upload Images","છબીઓ અપલોડ કરો"
"Images Assets","છબીઓ અસ્કયામતો"
"Upload Fonts","ફોન્ટ અપલોડ કરો"
"Fonts Assets","ફોન્ટ અસ્કયામતો"
"Edit custom.css","વૈવિધ્યપૂર્ણ.css સંપાદિત કરો"
"Allowed file types *.css.","મંજૂર ફાઇલ પ્રકાર *. CSS."
"This file will replace the current custom.css file and can't be more than 2 MB.","આ ફાઇલ વર્તમાન custom.css ફાઇલને બદલશે અને 2 MB કરતાં વધુ હોઈ શકશે નહીં."
"Max file size to upload %1M","મહત્તમ ફાઇલ કદ%1M અપલોડ કરવા"
"Something is wrong with the file upload settings.","ફાઇલ અપલોડ સેટિંગ્સમાં કંઈક ખોટું છે."
"CSS Editor","સીએસએસ સંપાદક"
"Theme Settings","થીમ સેટિંગ્સ"
"Parent Theme","પિતૃ થીમ"
"Theme Path","થીમ પાથ"
"Theme Title","થીમ શીર્ષક"
"Theme Preview Image","થીમ પૂર્વદર્શન છબી"
General,જનરલ
"Copy of %1","%1 ની કૉપિ"
"Max image size %1M","મહત્તમ છબી કદ%1M"
"Theme JavaScript","થીમ જાવાસ્ક્રિપ્ટ"
"Select JS Files to Upload","અપલોડ કરવા માટે જેએસ ફાઇલો પસંદ કરો"
"Upload JS Files","જેએસ ફાઇલો અપલોડ કરો"
"JS Editor","જેએસ એડિટર"
"Allowed file types *.js.","મંજૂર ફાઇલ પ્રકાર * .js."
Theme,થીમ
"Media Storage","મીડિયા સ્ટોરેજ"
"Create Folder","ફોલ્ડર બનાવો"
"Delete Folder","ફોલ્ડર કાઢી નાખો"
"Delete File","ફાઇલ કાઢી નાખો"
"Insert File","ફાઇલ શામેલ કરો"
"New Folder Name:","નવું ફોલ્ડર નામ:"
"Are you sure you want to delete this folder?","શું તમે ખરેખર આ ફોલ્ડરને કાઢી નાખવા માંગો છો?"
"Are you sure you want to delete this file?","શું તમે ખરેખર આ ફાઇલને કાઢી નાખવા માંગો છો?"
"Storage Root","સંગ્રહ રુટ"
welcome,"સ્વાગત છે"
Global,વૈશ્વિક
"Design Configuration","ડિઝાઇન રૂપરેખાંકન"
"You saved the configuration.","તમે ગોઠવણી સાચવી."
"Something went wrong while saving this configuration:","આ ગોઠવણી સાચવતી વખતે કંઈક ખોટું થયું:"
"You deleted the theme.","તમે થીમ કાઢી નાખી."
"We cannot delete the theme.","અમે થીમ કાઢી નાખી શકતા નથી."
"File not found: ""%1"".","ફાઇલ મળી નથી: ""%1""."
"We can't find file.","અમે ફાઇલ શોધી શકતા નથી."
"We cannot find theme ""%1"".","અમે થીમ ""%1"" શોધી શકતા નથી."
"We cannot find the theme.","અમે થીમ શોધી શકતા નથી."
"This theme is not editable.","આ થીમ સંપાદનયોગ્ય નથી."
"You saved the theme.","તમે થીમ સાચવી."
"We can't upload the CSS file right now.","અમે હમણાં જ સીએસએસ ફાઇલ અપલોડ કરી શકતા નથી."
"We cannot find a theme with id ""%1"".","અમે id ""%1"" સાથે કોઈ થીમ શોધી શકતા નથી."
"We can't upload the JS file right now.","અમે હાલમાં જેએસ ફાઇલ અપલોડ કરી શકતા નથી."
"Sorry, something went wrong. That's all we know.","માફ કરશો, કંઈક ખોટું થયું હતું. આ બધું આપણે જાણીએ છીએ."
"Invalid type","અમાન્ય પ્રકાર"
"Invalid scope or scope id","અમાન્ય અવકાશ અથવા સ્કોપ id"
"%1 does not contain field '%2'","%1 માં '%2' ફીલ્ડ શામેલ નથી"
"Invalid regular expression: ""%1"".","અમાન્ય નિયમિત અભિવ્યક્તિ: ""%1""."
"%1 does not contain field 'file'","%1 માં 'ફાઈલ' શામેલ નથી"
"Backend model is not specified for %1","બેકએન્ડ મોડેલ%1 માટે સ્પષ્ટ થયેલ નથી"
"The %templateName contains an incorrect configuration. The template has a reference to itself. Either remove or change the reference.","%ટેમ્પલેટ નામમાં ખોટી ગોઠવણી છે. ટેમ્પલેટ્સમાં તેનો સંદર્ભ છે. ક્યાં તો સંદર્ભ દૂર કરો અથવા બદલો."
"Can not save empty config","ખાલી રૂપરેખા સાચવી શકતા નથી"
label,લેબલ
"-- Please Select --","-- મહેરબાની કરી, પસંદ કરો --"
"The start date can't follow the end date.","પ્રારંભ તારીખ સમાપ્તિ તારીખને અનુસરતી નથી."
"The date range for this design change overlaps another design change for the specified store.","આ ડિઝાઇન માટેની તારીખ શ્રેણી બદલાયેલ સ્ટોર માટેના અન્ય ડિઝાઇન ફેરફારોને ઓવરલેપ કરે છે."
Copy,"કૉપિ કરો"
"Theme id should be set","થીમ આઈડી સેટ થવી જોઈએ"
"Circular-reference in theme inheritance detected for ""%1""","""%1"" માટે થીમ વારસોમાં પરિપત્ર સંદર્ભ"
"The CSS file must be less than %1M.","CSS ફાઇલ%1M કરતા ઓછી હોવી આવશ્યક છે."
"The JS file must be less than %1M.","જેએસ ફાઇલ%1 એમ કરતા ઓછી હોવી આવશ્યક છે."
"We can't upload the file right now.","અમે અત્યારે ફાઇલ અપલોડ કરી શકતા નથી."
"Use only standard alphanumeric, dashes and underscores.","ફક્ત માનક આલ્ફાન્યુમેરિક, ડૅશ અને અંડરસ્કોર્સનો ઉપયોગ કરો."
"We found a directory with the same name.","અમને સમાન નામવાળી ડિરેક્ટરી મળી."
"We cannot find a directory with this name.","અમે આ નામ સાથે ડિરેક્ટરી શોધી શકતા નથી."
"We can't delete root directory %1 right now.","અમે અત્યારે રૂટ ડાયરેક્ટરી%1 ને કાઢી શકતા નથી."
"Theme isn't deletable.","થીમ કાઢી નાખવા યોગ્ય નથી."
"Exception message","અપવાદ સંદેશ"
"localized exception","સ્થાનિક અપવાદ"
"Test Label","ટેસ્ટ લેબલ"
Phrase,શબ્દસમૂહ
testMessage,ટેસ્ટમેસેજ
Edit,"ફેરફાર કરો"
"We found no files.","અમને કોઈ ફાઇલો મળી નથી."
"Browse Files","ફાઇલો બ્રાઉઝ કરો"
Scope:,અવકાશ
"Help Us Keep Magento Healthy","અમને Magento સ્વસ્થ રાખો સહાય કરો"
"Report All Bugs","બધી બગ્સની જાણ કરો"
"Welcome, %1!","સ્વાગત છે,%1!"
"Toggle Nav","એનએવી ટૉગલ કરો"
"JavaScript seems to be disabled in your browser.","જાવાસ્ક્રિપ્ટ તમારા બ્રાઉઝરમાં અક્ષમ હોવાનું જણાય છે."
"For the best experience on our site, be sure to turn on Javascript in your browser.","અમારી સાઇટ પરના શ્રેષ્ઠ અનુભવ માટે, તમારા બ્રાઉઝરમાં જાવાસ્ક્રિપ્ટ ચાલુ કરવાની ખાતરી કરો."
"Local Storage seems to be disabled in your browser.","સ્થાનિક સ્ટોરેજ તમારા બ્રાઉઝરમાં અક્ષમ હોવાનું જણાય છે."
"For the best experience on our site, be sure to turn on Local Storage in your browser.","અમારી સાઇટ પરના શ્રેષ્ઠ અનુભવ માટે, તમારા બ્રાઉઝરમાં સ્થાનિક સ્ટોરેજ ચાલુ કરવાનું સુનિશ્ચિત કરો."
"This is demo store. No orders will be fulfilled.","આ ડેમો સ્ટોર છે. કોઈ ઓર્ડર પૂરા થશે નહીં."
"Items %1 to %2 of %3 total","કુલ %3 માંથી %1 થી %2 વસ્તુઓ"
"%1 Item","%1 આઇટમ"
"%1 Item(s)","%1 વસ્તુ (ઓ)"
Page,પૃષ્ઠ
Previous,અગાઉના
"You're currently reading page","તમે હાલમાં પૃષ્ઠ વાંચી રહ્યા છો"
Next,આગળ
Show,બતાવો
"per page","પૃષ્ઠ દીઠ"
"About the calendar","કૅલેન્ડર વિશે"
"Go Today","આજે જાઓ"
WK,ડબલ્યુકે
Time,સમય
Hour,કલાક
Minute,મિનિટ
"Welcome to %store_name.","%Store_name માં આપનું સ્વાગત છે."
"To sign in to our site, use these credentials during checkout or on the <a href=""%customer_url"">My Account</a> page:","અમારી સાઇટ પર સાઇન ઇન કરવા માટે, ચેકઆઉટ દરમિયાન અથવા <a href=""%customer_url""> મારું એકાઉન્ટ </a> પૃષ્ઠ પર આ ઓળખપત્રોનો ઉપયોગ કરો:"
Email:,ઇમેઇલ:
Password:,પાસવર્ડ:
"Password you set when creating account","એકાઉન્ટ બનાવતી વખતે તમે સેટ કરેલ પાસવર્ડ"
"Forgot your account password? Click <a href=""%reset_url"">here</a> to reset it.","તમારું ખાતું પાસવર્ડ ભૂલી ગયો? તેને ફરીથી સેટ કરવા માટે <a href=""%reset_url""> અહીં </a> ક્લિક કરો."
"When you sign in to your account, you will be able to:","જ્યારે તમે તમારા એકાઉન્ટમાં સાઇન ઇન કરો છો, ત્યારે તમે આ કરી શકશો:"
"Proceed through checkout faster","ઝડપી ચેકઆઉટ દ્વારા આગળ વધો"
"Check the status of orders","ઓર્ડરની સ્થિતિ તપાસો"
"View past orders","ભૂતકાળના આદેશો જુઓ"
"Store alternative addresses (for shipping to multiple family members and friends)","વૈકલ્પિક સરનામાંઓ સ્ટોર કરો (બહુવિધ કૌટુંબિક સભ્યો અને મિત્રોને શિપિંગ માટે)"
"We could not detect a size.","અમે કદ શોધી શક્યા નથી."
"We don't recognize this file extension.","અમે આ ફાઇલ એક્સ્ટેંશનને ઓળખતા નથી."
Home,ઘર
"Go to Home Page","હોમ પેજ પર જાઓ"
Empty,ખાલી
"1 column","1 કૉલમ"
Configuration,રૂપરેખાંકન
"Default welcome msg!","મૂળભૂત સ્વાગત સંદેશ!"
"Copyright © 2013-present Magento, Inc. All rights reserved.","કૉપિરાઇટ © 2013-વર્તમાન Magento, Inc. બધા અધિકારો અનામત."
"Design Config Grid","ડિઝાઇન રૂપરેખા ગ્રીડ"
"Rebuild design config grid index","ડિઝાઇન રૂપરેખા ગ્રીડ અનુક્રમણિકા ફરીથી બનાવો"
"Admin empty","એડમિન ખાલી"
"Admin 1column","એડમિન 1column"
"Theme Information","થીમ માહિતી"
"Other Settings","અન્ય સેટિંગ્સ"
"HTML Head","એચટીએમએલ હેડ"
"Allowed file types: ico, png, gif, jpg, jpeg, apng. Not all browsers support all these formats!","મંજૂર ફાઇલ પ્રકારો: ico, PNG, gif, jpg, jpeg, apng. બધા બ્રાઉઝર્સ આ બધા બંધારણોને ટેકો આપતા નથી!"
"Favicon Icon","ફેવિકોન આયકન"
"Default Page Title","મૂળભૂત પૃષ્ઠ શીર્ષક"
"Page Title Prefix","પૃષ્ઠ શીર્ષક ઉપસર્ગ"
"Page Title Suffix","પૃષ્ઠ શીર્ષક ઉપસર્ગ"
"Default Meta Description","ડિફૉલ્ટ મેટા વર્ણન"
"Default Meta Keywords","ડિફોલ્ટ મેટા કીવર્ડ્સ"
"This will be included before head closing tag in page HTML.","આ પૃષ્ઠ HTML માં હેડ ક્લોઝિંગ ટૅગ પહેલાં શામેલ કરવામાં આવશે."
"Scripts and Style Sheets","સ્ક્રિપ્ટો અને સ્ટાઇલ શીટ્સ"
"Display Demo Store Notice","પ્રદર્શન ડેમો નોટિસ"
Header,હેડર
"Allowed file types: png, gif, jpg, jpeg.","મંજૂર ફાઇલ પ્રકારો: PNG, GIF, JPG, JPEG."
"Logo Image","લોગો છબી"
"Logo Attribute Width","લોગો એટ્રીબ્યુટ પહોળાઈ"
"Logo Attribute Height","લોગો લક્ષણ ઊંચાઈ"
"Welcome Text","સ્વાગત ટેક્સ્ટ"
"Logo Image Alt","લોગો છબી Alt"
Footer,ફૂટર
"This will be displayed just before the body closing tag.","આ શરીરને બંધ કરવાના ટેગ કરતા પહેલા જ પ્રદર્શિત કરવામાં આવશે."
"Miscellaneous HTML","વિવિધ એચટીએમએલ"
Copyright,કૉપિરાઇટ
"Default Robots","ડિફૉલ્ટ રોબોટ્સ"
"Edit custom instruction of robots.txt File","Robots.txt ફાઇલના કસ્ટમ સૂચનાને સંપાદિત કરો"
"This action will delete your custom instructions and reset robots.txt file to system's default settings.","આ ક્રિયા તમારી કસ્ટમ સૂચનાઓ કાઢી નાખશે અને robots.txt ફાઇલને સિસ્ટમની ડિફોલ્ટ સેટિંગ્સ પર ફરીથી સેટ કરશે."
"Reset To Defaults","ડિફોલ્ટ્સ પર ફરીથી સેટ કરો"
Website,વેબસાઇટ
Store,દુકાન
"Store View","સ્ટોર જુઓ"
"Skip to Content","સામગ્રી પર જાઓ"
Menu,મેનુ
Account,ખાતું
Settings,સેટિંગ્સ
"2 columns with left bar","ડાબી બાર સાથે 2 સ્તંભો"
"2 columns with right bar","જમણી બાર સાથે 2 કૉલમ"
"3 columns","3 કૉલમ"
"Exception does not contain field '%1'","અપવાદમાં ક્ષેત્ર '%1' શામેલ નથી"
exception,અપવાદ
"Allowed file types: ICO, PNG, GIF, JPG, JPEG, APNG, SVG. Not all browsers support all these formats!","મંજૂર ફાઇલ પ્રકારો: આઇસીઓ, પી.એન.જી., જીઆઈએફ, જેપીજી, જેપીઇજી, એપીએનજી, એસવીજી. બધા બ્રાઉઝર્સ આ બધા બંધારણોને ટેકો આપતા નથી!"
"Default Title","મૂળભૂત શીર્ષક"
"Title Prefix","શીર્ષક ઉપસર્ગ"
"Title Suffix","શીર્ષક ઉપસર્ગ"
"Default Description","મૂળભૂત વર્ણન"
"Default Keywords","મૂળભૂત કીવર્ડ્સ"
"Miscellaneous Scripts","વિવિધ સ્ક્રિપ્ટો"
"Search Engine Robots","શોધ એન્જિન રોબોટ્સ"
"Reset to Defaults","ડિફોલ્ટ્સ પર ફરીથી સેટ કરો"
"Logo Image Width","લોગો છબી પહોળાઈ"
"Logo Image Height","લોગો છબી ઊંચાઈ"
"This will be displayed just before body closing tag.","આ બોડી ક્લોઝિંગ ટૅગ પહેલાં જ દેખાશે."
"Copyright © 2015 Magento. All rights reserved.","કૉપિરાઇટ © 2015 Magento. બધા હકો અમારી પાસે રાખેલા છે."
"Wrong request.","ખોટી વિનંતી."
"Copyright © 2013-2017 Magento, Inc. All rights reserved.","કૉપિરાઇટ © 2013-2017 Magento, Inc. સર્વહક સ્વાધીન."
"Copyright © 2017 Magento, Inc. All rights reserved.","કૉપિરાઇટ © 2017 Magento, Inc. સર્વહક સ્વાધીન."
"Allowed file types: ico, png, gif, jpg, jpeg, apng, svg. Not all browsers support all these formats!","મંજૂર ફાઇલ પ્રકારો: ico, png, gif, jpg, jpeg, apng, svg. બધા બ્રાઉઝર્સ આ બધા બંધારણોને ટેકો આપતા નથી!"
"Allowed file types: png, gif, jpg, jpeg, svg.","મંજૂર ફાઇલ પ્રકારો: PNG, GIF, JPG, JPEG, SVG."
"Copyright © 2016 Magento. All rights reserved.","કૉપિરાઇટ © 2016 Magento. બધા હકો અમારી પાસે રાખેલા છે."
"Display Report Bugs Link","ડિસ્પ્લે રિપોર્ટ બગ્સ લિંક"
"Allowed file types: ICO, PNG, GIF, JPG, JPEG, APNG. Not all browsers support all these formats!","મંજૂર ફાઇલ પ્રકારો: આઇસીઓ, પી.એન.જી., જીઆઈએફ, જેપીજી, જેપીઇજી, એપીએનજી. બધા બ્રાઉઝર્સ આ બધા બંધારણોને ટેકો આપતા નથી!"
"The scope or scope ID is invalid. Verify both and try again.","અવકાશ અથવા સ્કોપ ID અમાન્ય છે. બંને ચકાસો અને ફરી પ્રયાસ કરો."
"The backend model isn't specified for ""%1"".","બેકએન્ડ મોડેલ ""%1"" માટે ઉલ્લેખિત નથી."
"The ""%templateName"" template contains an incorrect configuration, with a reference to itself. Remove or change the reference, then try again.","""%ટેમ્પલેટનામ"" નમૂનામાં તેના પોતાના સંદર્ભ સાથે ખોટી ગોઠવણી શામેલ છે. સંદર્ભ દૂર કરો અથવા બદલો, પછી ફરી પ્રયાસ કરો."
"The config can't be saved because it's empty. Complete the config and try again.","રૂપરેખા સાચવી શકાતી નથી કારણ કે તે ખાલી છે. રૂપરેખા પૂર્ણ કરો અને ફરી પ્રયાસ કરો."
View,જુઓ
"This is a demo store. No orders will be fulfilled.","આ એક ડેમો સ્ટોર છે. કોઈ ઓર્ડર પૂરા થશે નહીં."
"Not all browsers support all these formats!","બધા બ્રાઉઝર્સ આ બધા બંધારણોને ટેકો આપતા નથી!"
email,ઇમેઇલ
"Credit card type","ક્રેડિટ કાર્ડ પ્રકાર"
"CVV result","સીવીવી પરિણામ"
"Postcode AVS check","પોસ્ટકોડ એવીએસ તપાસો"
"Address AVS check","સરનામું એવીએસ ચેક"
"Country comparison check","દેશ તુલના તપાસ"
"Risk Score","રિસ્ક સ્કોર"
"Not supported","આધારભૂત નથી"
"Not checked","ચકાસાયેલ નથી"
Matched,"મેળ ખાતા"
"Not matched","મેળ ખાતા નથી"
"Partially matched","આંશિક મેળ ખાતા"
"No such order id.","આ પ્રકારની કોઈ ઓર્ડર ID નથી."
"Your purchase process has been cancelled.","તમારી ખરીદી પ્રક્રિયા રદ કરવામાં આવી છે."
"Something went wrong while processing your order. Please try again later.","તમારા ઑર્ડરની પ્રક્રિયા કરતી વખતે કંઈક ખોટું થયું. પછીથી ફરી પ્રયત્ન કરો."
"Gateway response is not valid.","ગેટવે પ્રતિસાદ માન્ય નથી."
"Wrong response type","ખોટો પ્રતિસાદ પ્રકાર"
"Currency doesn't match.","ચલણ મેળ ખાતું નથી."
"Amount doesn't match.","રકમ મેળ ખાતી નથી."
"Not supported response.","ટેકો આપ્યો નથી."
"Gateway processing error.","ગેટવે પ્રક્રિયા ભૂલ."
"Transaction was not placed.","વ્યવહારો મૂકવામાં આવ્યો ન હતો."
Authorize,"અધિકૃત કરો"
Summary,સારાંશ
"Account Dashboard","એકાઉન્ટ ડેશબોર્ડ"
"Account Information","ખાતાની માહિતી"
"Address Book","સરનામા પુસ્તિકા"
Menu,મેનૂ
"Backup options","બૅકઅપ વિકલ્પો"
Warning,ચેતવણી
"No records found.","કોઈ રેકોર્ડ મળ્યાં નથી."
"Recent items","તાજેતરની વસ્તુઓ"
"Show all...","બધા જુઓ..."
"Please enter a number greater 0 in this field.","કૃપા કરી ને 0 કરતા મોટી રકમ ધાખલ કરો."
"Please select one of each ratings above.","કૃપા કરીને ઉપરની દરેક રેટિંગમાંથી એક પસંદ કરો."
"Please specify Url.","કૃપા કરીને URLનો સ્પષ્ટ કરો."
more,વધુ
Translate,"ભાષાંતર કરો"
